{"swagger":"2.0","info":{"title":"Account Management API","version":"1.0.0","description":"Manage User Accounts"},"paths":{"/portfolios/{portfolioId}/holdings":{"get":{"summary":"Get portolio holdings","description":"Get all Holdings belonging to a Portfolio","produces":["application/json"],"parameters":[{"name":"portfolioId","in":"path","description":"portfolio ID","required":true,"type":"string"}],"tags":["Portfolio Holdings"],"responses":{"200":{"description":"Successful operation","schema":{"$ref":"#/definitions/HoldingResponse"}},"401":{"description":"Unauthorized request","schema":{"$ref":"#/definitions/Response"}}}},"post":{"summary":"Create Holding","description":"Add a new Holding to a Portfolio","consumes":["application/json"],"produces":["application/json"],"parameters":[{"name":"portfolioId","in":"path","description":"portfolio ID","required":true,"type":"string"},{"name":"holding","in":"body","description":"holding entity","required":true,"schema":{"$ref":"#/definitions/HoldingInput"}}],"tags":["Portfolio Holdings"],"responses":{"200":{"description":"Successful operation","schema":{"$ref":"#/definitions/HoldingResponse"}},"400":{"description":"user Validation Error.","schema":{"$ref":"#/definitions/Response"}},"401":{"description":"Unauthorized request","schema":{"$ref":"#/definitions/Response"}}}}},"/portfolios/{portfolioId}/holdings/{holdingId}":{"get":{"summary":"Get portolio holding","description":"Get portolio holding by ID","produces":["application/json"],"parameters":[{"name":"portfolioId","in":"path","description":"portfolio ID","required":true,"type":"string"},{"name":"holdingId","in":"path","description":"holding ID","required":true,"type":"string"}],"tags":["Portfolio Holdings"],"responses":{"200":{"description":"Successful operation","schema":{"$ref":"#/definitions/HoldingResponse"}},"401":{"description":"Unauthorized request","schema":{"$ref":"#/definitions/Response"}}}},"put":{"summary":"Update Holding","description":"Update an existing Holding within a Portfolio","consumes":["application/json"],"produces":["application/json"],"parameters":[{"name":"portfolioId","in":"path","description":"portfolio ID","required":true,"type":"string"},{"name":"holdingId","in":"path","description":"holding ID","required":true,"type":"string"},{"name":"holding","in":"body","description":"holding entity","required":true,"schema":{"$ref":"#/definitions/HoldingInput"}}],"tags":["Portfolio Holdings"],"responses":{"200":{"description":"Successful operation","schema":{"$ref":"#/definitions/HoldingResponse"}},"400":{"description":"user Validation Error.","schema":{"$ref":"#/definitions/Response"}},"401":{"description":"Unauthorized request","schema":{"$ref":"#/definitions/Response"}}}},"delete":{"summary":"Delete Porfolio","description":"Delete an existing Holding within a Portfolio","produces":["application/json"],"parameters":[{"name":"portfolioId","in":"path","description":"portfolio ID","required":true,"type":"string"},{"name":"holdingId","in":"path","description":"holding ID","required":true,"type":"string"}],"tags":["Portfolio Holdings"],"responses":{"200":{"description":"Successful operation","schema":{"$ref":"#/definitions/Response"}},"401":{"description":"Unauthorized request","schema":{"$ref":"#/definitions/Response"}}}}},"/portfolios":{"get":{"summary":"Get all portolios","description":"Get all portolios associated with the current user","produces":["application/json"],"tags":["Portfolios"],"responses":{"200":{"description":"Successful operation","schema":{"$ref":"#/definitions/PortfolioResponse"}},"401":{"description":"Unauthorized request","schema":{"$ref":"#/definitions/Response"}}}},"post":{"summary":"Create Portfolio","description":"Create new portfolio","consumes":["application/json"],"produces":["application/json"],"parameters":[{"name":"portfolio","in":"body","description":"portfolio entity","required":true,"schema":{"$ref":"#/definitions/PortfolioInput"}}],"tags":["Portfolios"],"responses":{"200":{"description":"Successful operation","schema":{"$ref":"#/definitions/PortfolioResponse"}},"400":{"description":"user Validation Error.","schema":{"$ref":"#/definitions/Response"}},"401":{"description":"Unauthorized request","schema":{"$ref":"#/definitions/Response"}}}}},"/portfolios/{portfolioId}":{"get":{"summary":"Get Porfolio by ID","description":"Get portolio with a given ID","produces":["application/json"],"parameters":[{"name":"portfolioId","in":"path","description":"portfolio ID","required":true,"type":"string"}],"tags":["Portfolios"],"responses":{"200":{"description":"Successful operation","schema":{"$ref":"#/definitions/PortfolioResponse"}},"401":{"description":"Unauthorized request","schema":{"$ref":"#/definitions/Response"}}}},"put":{"summary":"Update Portfolio","description":"Update an existing Portfolio","consumes":["application/json"],"produces":["application/json"],"parameters":[{"name":"portfolioId","in":"path","description":"portfolio ID","required":true,"type":"string"},{"name":"portfolio","in":"body","description":"portfolio entity","required":true,"schema":{"$ref":"#/definitions/PortfolioInput"}}],"tags":["Portfolios"],"responses":{"200":{"description":"Successful operation","schema":{"$ref":"#/definitions/PortfolioResponse"}},"400":{"description":"user Validation Error.","schema":{"$ref":"#/definitions/Response"}},"401":{"description":"Unauthorized request","schema":{"$ref":"#/definitions/Response"}}}},"delete":{"summary":"Delete Porfolio","description":"Delete an existing Portfolio","produces":["application/json"],"parameters":[{"name":"portfolioId","in":"path","description":"portfolio ID","required":true,"type":"string"}],"tags":["Portfolios"],"responses":{"200":{"description":"Successful operation","schema":{"$ref":"#/definitions/Response"}},"401":{"description":"Unauthorized request","schema":{"$ref":"#/definitions/Response"}}}}}},"basePath":"/account-management/api","definitions":{"Outcome":{"type":"object","properties":{"code":{"type":"integer","format":"int32"},"message":{"type":"string"},"errors":{"type":"array","items":{"$ref":"#/definitions/ReturnStatus"}}}},"Response":{"type":"object","properties":{"outcome":{"type":"object","$ref":"#/definitions/Outcome"},"data":{"type":"object"}}},"ReturnStatus":{"type":"object","properties":{"message":{"type":"string"},"name":{"type":"string"}}},"HoldingInput":{"type":"object","properties":{"symbol":{"type":"string"},"description":{"type":"string"},"shares":{"type":"number","format":"double"},"purchasePrice":{"type":"number","format":"double"},"tradeDate":{"type":"string","format":"date"},"commission":{"type":"number","format":"double"}}},"Holding":{"type":"object","properties":{"symbol":{"type":"string"},"description":{"type":"string"},"shares":{"type":"number","format":"double"},"purchasePrice":{"type":"number","format":"double"},"tradeDate":{"type":"string","format":"date"},"commission":{"type":"number","format":"double"},"price":{"type":"number","format":"double"},"cost":{"type":"number","format":"double"},"marketValue":{"type":"number","format":"double"},"gain":{"type":"number","format":"double"}}},"PortfolioInput":{"type":"object","properties":{"userId":{"type":"string"},"name":{"type":"string"}}},"Portfolio":{"type":"object","properties":{"userId":{"type":"string"},"name":{"type":"string"},"holdings":{"type":"array","items":{"$ref":"#/definitions/Holding"}}}},"HoldingResponse":{"type":"object","properties":{"outcome":{"type":"object","$ref":"#/definitions/Outcome"},"data":{"type":"array","items":{"$ref":"#/definitions/Holding"}}}},"PortfolioResponse":{"type":"object","properties":{"outcome":{"type":"object","$ref":"#/definitions/Outcome"},"data":{"type":"array","items":{"$ref":"#/definitions/Portfolio"}}}}}}