{"swagger":"2.0","info":{"title":"Finance API","version":"1.0.0","description":"Provide Financial Data"},"paths":{"/stocks/historicalQuotes":{"get":{"summary":"Get Historical Stock Quotes","description":"Get Historical Stock Quotes for a given symbol","produces":["application/json"],"parameters":[{"name":"symbol","in":"query","description":"symbol","required":true,"type":"string"},{"name":"startDate","in":"query","description":"start date in the format of mm-dd-yyyy","required":true,"type":"string"},{"name":"endDate","in":"query","description":"end date in the format of mm-dd-yyyy","required":true,"type":"string"},{"name":"frequency","in":"query","description":"data frequency","required":false,"type":"string","enum":["daily","weekly","monthly"]}],"tags":["HistoricalQuote"],"responses":{"200":{"description":"Successful operation","schema":{"$ref":"#/definitions/HistQuoteResponse"}},"500":{"description":"error retrieving data","schema":{"$ref":"#/definitions/Response"}}}}},"/stocks/charts":{"get":{"summary":"Get Stock Price Chart","description":"Get Stock Price Chart for a given symbol","produces":["application/json"],"parameters":[{"name":"symbol","in":"query","description":"symbol","required":true,"type":"string"},{"name":"range","in":"query","description":"time range","required":false,"type":"string","enum":["1d","5d","3m","6m","ytd","1y","2y","5y","10y","max"]},{"name":"type","in":"query","description":"chart type","required":false,"type":"string","enum":["line","bar","candle"]},{"name":"scale","in":"query","description":"chart scale","required":false,"type":"string","enum":["arithmetic","logarithmic"]},{"name":"size","in":"query","description":"chart size","required":false,"type":"string","enum":["small","medium","large"]},{"name":"compare","in":"query","description":"comma-delimited list of symbols to compare to","required":false,"type":"string"}],"tags":["StockChart"],"responses":{"200":{"description":"Successful operation"},"500":{"description":"error retrieving data"}}}},"/stocks/charts/url":{"get":{"summary":"Get Stock Price Chart","description":"Get Stock Price Chart for a given symbol","produces":["application/json"],"parameters":[{"name":"symbol","in":"query","description":"symbol","required":true,"type":"string"},{"name":"range","in":"query","description":"time range","required":false,"type":"string","enum":["1d","5d","3m","6m","ytd","1y","2y","5y","10y","max"]},{"name":"type","in":"query","description":"chart type","required":false,"type":"string","enum":["line","bar","candle"]},{"name":"scale","in":"query","description":"chart scale","required":false,"type":"string","enum":["arithmetic","logarithmic"]},{"name":"size","in":"query","description":"chart size","required":false,"type":"string","enum":["small","medium","large"]},{"name":"compare","in":"query","description":"comma-delimited list of symbols to compare to","required":false,"type":"string"}],"tags":["StockChart"],"responses":{"200":{"description":"Successful operation"},"500":{"description":"error retrieving data"}}}},"/stocks/quotes":{"get":{"summary":"Get Delayed Stock Quotes","description":"Get Delayed Stock Quotes for one or more symbol(s)","produces":["application/json"],"parameters":[{"name":"symbols","in":"query","description":"comma-delimited list of symbols","required":true,"type":"string"}],"tags":["StockQuote"],"responses":{"200":{"description":"Successful operation","schema":{"$ref":"#/definitions/StockQuoteResponse"}},"500":{"description":"error retrieving data","schema":{"$ref":"#/definitions/Response"}}}}},"/stocks/quotes/views/{name}":{"get":{"summary":"Get Stock Quote data by view name","description":"Get Stock Quote data by view name","produces":["application/json"],"parameters":[{"name":"name","in":"path","description":"view name","required":true,"type":"string","enum":["basic","details","fundamentals","movingAverages","estimates"]},{"name":"symbols","in":"query","description":"comma-delimited list of symbols","required":true,"type":"string"}],"tags":["StockQuote"],"responses":{"200":{"description":"Successful operation","schema":{"$ref":"#/definitions/StockQuoteViewResponse"}},"500":{"description":"error retrieving data","schema":{"$ref":"#/definitions/Response"}}}}},"/stocks/symbols":{"get":{"summary":"Lookup symbol","description":"Lookup symbol(s) by name","produces":["application/json"],"parameters":[{"name":"name","in":"query","description":"name of the stock, mutual fund, index, etc.","required":true,"type":"string"}],"tags":["SymbolLookup"],"responses":{"200":{"description":"Successful operation","schema":{"$ref":"#/definitions/SymbolLookupResponse"}},"500":{"description":"error retrieving data","schema":{"$ref":"#/definitions/Response"}}}}}},"basePath":"/finance/api","definitions":{"Outcome":{"type":"object","properties":{"code":{"type":"integer","format":"int32"},"message":{"type":"string"},"errors":{"type":"array","items":{"$ref":"#/definitions/ReturnStatus"}}}},"Response":{"type":"object","properties":{"outcome":{"type":"object","$ref":"#/definitions/Outcome"},"data":{"type":"object"}}},"ReturnStatus":{"type":"object","properties":{"message":{"type":"string"},"name":{"type":"string"}}},"HistQuoteItem":{"type":"object","properties":{"date":{"type":"string"},"open":{"type":"number","format":"double"},"high":{"type":"number","format":"double"},"low":{"type":"number","format":"double"},"close":{"type":"number","format":"double"},"volumne":{"type":"number","format":"double"},"adjustedClose":{"type":"number","format":"double"}}},"HistQuoteResponse":{"type":"object","properties":{"outcome":{"type":"object","$ref":"#/definitions/Outcome"},"data":{"type":"array","items":{"$ref":"#/definitions/HistQuoteItem"}}}},"StockQuote":{"type":"object","properties":{"symbol":{"type":"string"},"name":{"type":"string"},"price":{"type":"number","format":"double"},"date":{"type":"string"},"time":{"type":"string"},"bid":{"type":"number","format":"double"},"ask":{"type":"number","format":"double"},"open":{"type":"number","format":"double"},"previousClose":{"type":"number","format":"double"},"change":{"type":"string"},"changePercent":{"type":"string"},"daysHigh":{"type":"number","format":"double"},"daysLow":{"type":"number","format":"double"},"high52Weeks":{"type":"number","format":"double"},"volume":{"type":"number","format":"double"}}},"StockQuoteResponse":{"type":"object","properties":{"outcome":{"type":"object","$ref":"#/definitions/Outcome"},"data":{"type":"array","items":{"$ref":"#/definitions/StockQuote"}}}},"StockQuoteView":{"type":"object"},"StockQuoteViewResponse":{"type":"object","properties":{"outcome":{"type":"object","$ref":"#/definitions/Outcome"},"data":{"type":"array","items":{"$ref":"#/definitions/StockQuoteView"}}}},"SymbolInfo":{"type":"object","properties":{"symbol":{"type":"string"},"name":{"type":"string"},"typeCode":{"type":"string"},"type":{"type":"string"},"exchangeCode":{"type":"string"},"exchange":{"type":"string"}}},"SymbolLookupResponse":{"type":"object","properties":{"outcome":{"type":"object","$ref":"#/definitions/Outcome"},"data":{"type":"array","items":{"$ref":"#/definitions/SymbolInfo"}}}}}}